所蔵館,所在地域,請求記号(本編),請求記号(史料編),備考
大阪大谷大学 図書館,大阪(富田林),216.34/K/1,216.34/K/2,
大阪公立大学 杉本図書館,大阪,L216.3//H64//4649,L216.3//H64//4650,
大阪大学 附属図書館 総合図書館,大阪,(登録番号のみ),(登録番号のみ),
九州大学 中央図書館,福岡,埋文/大阪府,埋文/大阪府,
京都大学 文学研究科 図書館,京都,K0||29-3||60T,K0||29-3||60F,考古
国立歴史民俗博物館 図書室,千葉,210.263||ヒラ60-1,210.263||ヒラ60-2,書庫
中京大学 図書館,愛知,216.3/H 64/60 本編,216.3/H 64/60 史料編,
東京国立博物館,東京,S63-1978,S63-1978,
東京大学 史料編纂所 図書室,東京,5341.63:36:60-1,5341.63:36:60-2,
同志社大学 図書館,京都,216.3||H9315||60:1,216.3||H9315||60:S,
奈良文化財研究所,奈良,216.31||34||60-1,216.31||34||60-2,
奈良大学 図書館,奈良,B/27210/K,B/27210/K,
佛教大学 附属図書館,京都,(登録番号のみ),(登録番号のみ),
